{
	"n": "1522605027922533360535618378132637429718068114961380688657908494580122963258952897654000350692006139",
	"norm": 1.463179e-13,
	"alpha": -4.778548,
	"e": 	1.277e-08,
	"rroots": 2,
	"skew": 4593763.05,
	"c0": 58495626606615351512386040384,
	"c1": -5772374246691267911604,
	"c2": -8833629323103645,
	"c3": 595383944,
	"c4": 300,
	"y0": -1500948764646399765833785,
	"y1": 4412959449373,
	"type": "gnfs"
}