{"N":2140324650240744961264423072839333563008614715144755017797754920881418023447140136643345519095804679610992851872470914587687396261921557363047454770520805119056493106687691590019759405693457452230589325976697471681738069364894699871578494975937497937,"Norm":8.682226E-19,"Alpha":-8.579293,"E":1.939E-18,"RRoots":2,"Skew":65916767.38,"C0":3173523767811864034448660721125921529107975704636740160,"C1":-352715789847349253776461522519367952677500900736,"C2":-67695972675816169807789389533909825279660,"C3":1330431520915892806434003673850422,"C4":316345805996221928737510484,"C5":-1288745654147765,"C6":2640,"C7":null,"C8":null,"C9":null,"Y0":-96563420462174987239051950404944710643113,"Y1":54205637069497298816177,"Type":"gnfs","Coefficients":[3173523767811864034448660721125921529107975704636740160,-352715789847349253776461522519367952677500900736,-67695972675816169807789389533909825279660,1330431520915892806434003673850422,316345805996221928737510484,-1288745654147765,2640]}